Row Labels,Count of Ingredients
ground cardamom,1
. grape-nutsâ„¢ ),1
whole bran cereal,1
ground ginger,1
) bottle beer,1
grate asiago cheese,1
vitamin c powder,1
ground allspice,1
applesauce,1
) apricot half,1
beer,1
) cream-style corn,1
biscuit baking mix,1
) evaporate milk,1
bread machine yeast,1
hot milk,1
butter flavor extract,1
instant powder milk,1
candy lemon peel,1
italian season,1
carrot,1
jar maraschino cherry,1
chopped candy cherry,1
kosher salt,1
chopped fresh parsley,1
lecithin,1
chopped onion,1
lemon cake mix,1
chopped strawberry,1
lemon pudding mix,1
coarse kosher salt,1
lukewarm milk,1
cold water,1
maple flavor extract,1
corn meal mix,1
maraschino cherry,1
crack wheat,1
mash sweet potato,1
dry potato flake,1
medium potato,1
flake coconut,1
mince jalapeno pepper,1
fresh orange juice,1
onion,1
frozen corn kernel,1
onion soup mix,1
almond extract,1
pack pumpkin puree,1
biga ) :,1
package dry yeast,1
brown rice flour,1
package flake coconut,1
canola oil,1
package frozen strawberry,1
chopped candy citron,1
persimmon pulp,1
chopped rhubarb,1
raisin bran cereal,1
coconut extract,1
rapid rise yeast,1
corn oil,1
red bell pepper,1
evaporate skim milk,1
red pepper flake,1
frozen bread dough,1
reduce fat margarine,1
baking mix,1
sesame seed,1
cake cake yeast,1
shred mozzarella cheese,1
chopped hazelnut,1
shred pepperjack cheese,1
compress fresh yeast,1
skim milk,1
flax seed,1
strawberry - thawed,1
bread :,1
sweet potato puree,1
clove garlic,1
sweeten dry cranberry,1
frozen puff pastry,1
tomato juice,1
currant,1
vanilla sugar,1
chopped blanch almond,1
virgin olive oil,1
grate lemon zest,2
fresh blueberry,2
roll oat,2
grate orange zest,2
rye flour,2
orange juice,2
self-rising flour,2
dry parsley,2
cottage cheese,2
dry rosemary,2
sharp cheddar cheese,2
parmesan cheese,2
lemon extract,2
pumpkin pie spice,2
chopped green onion,2
) pumpkin puree,2
light brown sugar,2
banana,2
sourdough starter,2
oat bran,2
brown sugar,2
ground black pepper,2
sunflower seed,2
package instant yeast,2
sunflower seed oil,2
quick cooking oat,2
dill seed,2
free sour cream,2
garlic salt,2
boil water,2
mash potato flake,2
amaranth flour,2
dry mince onion,2
egg yolk,2
grate carrot,2
dry oregano,2
wheat germ,2
ground nutmeg,3
confectioner ' sugar,3
garlic powder,3
grate parmesan cheese,3
ripe banana,3
chopped sun-dried tomato,3
orange zest,3
poppy seed,3
warm milk,3
hot water,3
shred cheddar cheese,3
unsalted butter,3
cornmeal,3
unsweetened cocoa powder,3
sour cream,4
mash banana,4
melt shorten,4
semisweet chocolate chip,4
egg white,4
lemon juice,4
sift all-purpose flour,5
molasses,5
packed brown sugar,5
unbleached all-purpose flour,5
dry milk powder,5
olive oil,6
raisin,6
grate zucchini,7
buttermilk,7
shorten,8
chopped pecan,8
honey,8
( optional ),9
whole wheat flour,10
chopped walnut,14
butter,15
ground cinnamon,18
vanilla extract,19
margarine,20
water,20
warm water,20
c ),21
milk,22
bread flour,26
vegetable oil,33
baking powder,33
baking soda,38
active dry yeast,42
all-purpose flour,56
egg,62
white sugar,85
salt,87
Grand Total,951