Recipe,Ingredients
"Basil, Roasted Peppers and Monterey Jack Cornbread",butter
Crispy Cheese Twists,cheese
Mom's Yeast Rolls,water
Sweet Potato Bread I,sugar
Orange Buns,butter
Cornish Splits,dry yeast
Jalapeno Cheese Bread,flour
Dee's Health Bread,dry yeast
Oatmeal Bread I,roll oat
Strawberry Bread I,flour
Sun Dried Tomato and Asiago Cheese Bread,water
Hawaiian Sweet Bread,warm water
The Best Corn Bread You'll Ever Eat,egg
No Knead Refrigerator Rolls,dry yeast
Sourdough Starter I,mash potato flake
Sourdough Bread I,sourdough starter
Dilly Bread,dry yeast
Pumpkin Bread I,flour
Sy's Challah,sugar
Onion Bread I,dry yeast
Grandma VanDoren's White Bread,warm water
Italian Bread I,tomato
Sunday Dinner Rolls,dry yeast
Banana Wheat Bread,wheat flour
Banana Bread,flour
Candied Fruit Bread,sift flour
Nut and Fruit Bread,sift flour
Mother's Banana Bread,flour
Pumpernickel Bread I,warm milk
Buttermilk Bread I,buttermilk
Sun Dried Tomato Focaccia,water
Michell Jenny's Challah,water
Potato Bread I,water
Delicious Pumpkin Bread,flour
Mom's Zucchini Bread,flour
Cinnamon Cranraisin Bread,warm water
Molasses-Oat Bran Bread,dry yeast
Fabulous Homemade Bread,warm water
Persimmon Bread I,egg
Cinnamon Carrot Bread,sugar
Strawberry Bread II,butter
Alienated Blueberry Muffins,blueberry
Yummy Lemon Bread,butter
Nick's Favorite Cherry Pecan Bread,margarine
Swedish Rye Bread I,compress yeast
Bran Muffins I,raisin bran cereal
Zucchini Walnut Bread,walnut
Apricot Nut Bread,apricot
Babka I,milk
Brazilian Banana Bread,margarine
Easy Banana Bread,ripe banana
Banana Oat Muffins,flour
Canadian Doughnuts,sugar
Beer Bread I,bottle beer
Beer Biscuits,flour
Cardamom Bread,egg
Three C Bread,egg
Grandma Cornish's Whole Wheat Potato Bread,medium potato
Chocolate Bread,seed oil
Strawberry Rhubarb Muffins,bread flour
Poppy Seed Bread I,salt
Zucchini Bread,flour
Honey Wheat Bread I,rise yeast
Honey White Bread,milk
Mom's Hazelnut Special,dry yeast
Quick Lemon Poppy Seed Bread,lemon cake mix
Maple Zucchini Bread,egg
Chocolate Chip Orange Zucchini Bread,egg
Chocolate Chip Pumpkin Bread,sugar
Red Pepper Biscuits,baking mix
Chocolate Wave Zucchini Bread,shorten
Wheat and Barley Bread,barley nugget cereal
Tomato Bread I,tomato juice
Zucchini Bread II,egg
Mall Pretzels,dry yeast
Soft Pretzels I,warm water
Sweet Potato Rolls,dry yeast
Tea Biscuits,flour
Cheddar Biscuits,biscuit baking mix
Cottage Dill Bread,warm water
English Muffin Loaves,dry yeast
Parmesan Focaccia Bread,warm water
Darbey Bread,bread
Nonfat Sour Cream Cake Bread,cream
Coconut Bread I,butter
Irish Soda Bread I,flour
Ciabatta,sponge
Lower Fat Banana Nut Bread,cream
Orange Nut Bread,grate orange zest
Poppy Seed Bread II,flour
Oatmeal Chocolate Chip Muffins,oat
Lower Fat Banana Bread I,sugar
Sourdough Bread II,dry yeast
Parmesan Herb Bread,warm water
Simple Banana Bread,ripe banana
Unbelievable Rolls,milk
Pecan Sticky Buns,dry yeast
Challah I,warm water
Tasty Buns,flour
Breakfast Muffins,flour
Honey Wheat Bread II,warm water
Special Pumpkin Bread,oil
4H Banana Bread,flour
Oatmeal Blueberry Muffins,oat
Instant Rolls,flour
Basic Sweet Dough,milk
Lemon Bread,shorten
Pumpkin Coconut Bread,sugar
Simple White Bread,dry yeast
Hazelnut Chocolate Chip Scones,flour
Simple Whole Wheat Bread,warm water
Rye Beer Bread,rye flour
Mrs. Kurtz's Banana Bread,margarine
Pizza Dough I,flour
Banana Nut Bread I,sugar
Blue Ribbon Overnight Rolls,dry yeast
Cinnamon Raisin Bread I,milk
Homemade Focaccia Bread,flour
Whole Wheat Bread I,crack wheat
Sourdough Drop Biscuits,sourdough starter
Sourdough Starter II,flour
Milk and Honey Loaf,dry yeast
Crazay  Bagels,flour
Italian Herb Bread I,dry yeast
Potato Bread II,warm water
Amish White Bread,warm water
Cottage Cheese Bread I,water
Nana's Nut Bread,shorten
Irish Soda Bread II,flour
Zucchini Bread III,egg
Cinnamon Rolls I,warm water
Sweet Potato Pecan Waffles,sweet potato puree
Mom's Baking Powder Biscuits,flour
Cornbread I,buttermilk
Pumpkin Bread II,pumpkin puree
Cranberry Pumpkin Bread,flour
Honey Whole Wheat Bread,warm water
Basic Rye Bread,warm water
Oat-N-Honey Bread,buttermilk
Mexican Style Cornbread,egg
Olive Bread,warm water
Donna's Chocolate Zucchini Bread,egg
Blueberry Muffins I,milk
Calzone,water
Uncle Wynn's Bread Machine Rye,water
Beer Bread II,flour
Garden Herb Loaf,flour
Apricot Walnut Loaf,egg
Panettone I,dry yeast
Potato Rosemary Rolls,warm water
White Bread For The Bread Machine,warm water
Valentino's Pizza Crust,warm water
Monkey Bread I,refrigerate biscuit
Italian Bread II,flour
New York Rye Bread,warm water
Sweet Honey French Bread,water
Pineapple Tangerine Bread,crush pineapple juice
Downeast Maine Pumpkin Bread,pumpkin puree
Peppy's Pita Bread,warm water
Pineapple Zucchini Bread,brown sugar
Walnut Raisin Scones,flour
Pumpkin Nut Muffins,sift flour
Orange Muffins,flour
Yogurt Cornbread,plain yogurt
Bagels I,flour
Tortillas I,flour
Whole Wheat Banana Strawberry Loaf,wheat flour
Cheddar Muffins,flour
Burger or Hot Dog Buns,milk
Buttermilk White Bread,water
Carolyn's Orange Rolls,dry yeast
Orange Juice Muffins with Honey Spread,buttermilk baking mix
Seminole Pumpkin Bread,pumpkin puree
Garlic Cheese Biscuits,buttermilk baking mix
Quick Sticky Buns,refrigerate biscuit
Poppy Seed Bread III,flour
Sweeter Muffins,egg
Pumpkin Bread III,flour
Whole Wheat Zucchini Herb Bread,water
Chinky's Bibingka,grate cassava
Chinky's Mango Bread,flour
Chinky's Puto Bread,cake flour
Baked Pumpkin Bread,flour
Blueberry Muffins II,flour
Eggnog Quick Bread,egg
Strawberry Nut Bread,flour
Boiled Bagels,flour
Mocha Cream Bread,coffee flavor liqueur
Pina Colada Bread,crush pineapple juice
Date Nut Bread,date
Blueberry Monkey Bread,sugar
Streusel Topped Blueberry Muffins,flour
Easy Biscuits,flour
Amish Friendship Bread I,friendship bread starter
Jalapeno Bread I,warm water
Jalapeno Bread II,warm water
Sourdough Tomato Bread,sourdough starter
Chocolate Chip Almond Bread,warm milk
Hot Onion Pinwheels,dry yeast
Pumpkin Bread IV,pumpkin puree
"Basil, Roasted Peppers and Monterey Jack Cornbread",onion
Crispy Cheese Twists,ground pepper
Mom's Yeast Rolls,margarine
Sweet Potato Bread I,oil
Orange Buns,sugar
Cornish Splits,lukewarm milk
Jalapeno Cheese Bread,cheddar cheese
Dee's Health Bread,sugar
Oatmeal Bread I,molasses
Strawberry Bread I,sugar
Sun Dried Tomato and Asiago Cheese Bread,oil
Hawaiian Sweet Bread,sugar
The Best Corn Bread You'll Ever Eat,milk
No Knead Refrigerator Rolls,warm water
Sourdough Starter I,sugar
Sourdough Bread I,warm water
Dilly Bread,warm water
Pumpkin Bread I,baking soda
Sy's Challah,salt
Onion Bread I,warm water
Grandma VanDoren's White Bread,dry yeast
Italian Bread I,flour
Sunday Dinner Rolls,warm water
Banana Wheat Bread,wheat germ
Banana Bread,baking soda
Candied Fruit Bread,baking powder
Nut and Fruit Bread,baking powder
Mother's Banana Bread,baking powder
Pumpernickel Bread I,oil
Buttermilk Bread I,margarine
Sun Dried Tomato Focaccia,bread flour
Michell Jenny's Challah,salt
Potato Bread I,mash potato flake
Delicious Pumpkin Bread,sugar
Mom's Zucchini Bread,salt
Cinnamon Cranraisin Bread,egg
Molasses-Oat Bran Bread,sugar
Fabulous Homemade Bread,dry yeast
Persimmon Bread I,flour
Cinnamon Carrot Bread,brown sugar
Strawberry Bread II,sugar
Alienated Blueberry Muffins,flour
Yummy Lemon Bread,sugar
Nick's Favorite Cherry Pecan Bread,sugar
Swedish Rye Bread I,warm water
Bran Muffins I,bran cereal
Zucchini Walnut Bread,egg
Apricot Nut Bread,shorten
Babka I,butter
Brazilian Banana Bread,sugar
Easy Banana Bread,egg
Banana Oat Muffins,roll oat
Canadian Doughnuts,warm water
Beer Bread I,flour
Beer Biscuits,baking powder
Cardamom Bread,water
Three C Bread,oil
Grandma Cornish's Whole Wheat Potato Bread,water
Chocolate Bread,salt
Strawberry Rhubarb Muffins,flour
Poppy Seed Bread I,seed
Zucchini Bread,egg
Honey Wheat Bread I,sugar
Honey White Bread,butter
Mom's Hazelnut Special,bread flour
Quick Lemon Poppy Seed Bread,egg
Maple Zucchini Bread,oil
Chocolate Chip Orange Zucchini Bread,sugar
Chocolate Chip Pumpkin Bread,pumpkin puree
Red Pepper Biscuits,pepper flake
Chocolate Wave Zucchini Bread,sugar
Wheat and Barley Bread,buttermilk
Tomato Bread I,water
Zucchini Bread II,oil
Mall Pretzels,brown sugar
Soft Pretzels I,margarine
Sweet Potato Rolls,sugar
Tea Biscuits,baking powder
Cheddar Biscuits,cheddar cheese
Cottage Dill Bread,cottage cheese
English Muffin Loaves,flour
Parmesan Focaccia Bread,sugar
Darbey Bread,cheddar cheese
Nonfat Sour Cream Cake Bread,salt
Coconut Bread I,vanilla sugar
Irish Soda Bread I,sugar
Ciabatta,dry yeast
Lower Fat Banana Nut Bread,egg
Orange Nut Bread,orange juice
Poppy Seed Bread II,salt
Oatmeal Chocolate Chip Muffins,milk
Lower Fat Banana Bread I,margarine
Sourdough Bread II,warm water
Parmesan Herb Bread,margarine
Simple Banana Bread,sugar
Unbelievable Rolls,water
Pecan Sticky Buns,warm water
Challah I,dry yeast
Tasty Buns,package dry yeast
Breakfast Muffins,sugar
Honey Wheat Bread II,wheat flour
Special Pumpkin Bread,pumpkin puree
4H Banana Bread,baking soda
Oatmeal Blueberry Muffins,flour
Instant Rolls,sugar
Basic Sweet Dough,sift flour
Lemon Bread,sugar
Pumpkin Coconut Bread,brown sugar
Simple White Bread,warm water
Hazelnut Chocolate Chip Scones,brown sugar
Simple Whole Wheat Bread,dry yeast
Rye Beer Bread,room temperature beer
Mrs. Kurtz's Banana Bread,sugar
Pizza Dough I,dry yeast
Banana Nut Bread I,shorten
Blue Ribbon Overnight Rolls,warm milk
Cinnamon Raisin Bread I,warm water
Homemade Focaccia Bread,sugar
Whole Wheat Bread I,water
Sourdough Drop Biscuits,oil
Sourdough Starter II,warm water
Milk and Honey Loaf,honey
Crazay  Bagels,dry yeast
Italian Herb Bread I,warm water
Potato Bread II,bread flour
Amish White Bread,sugar
Cottage Cheese Bread I,cottage cheese
Nana's Nut Bread,sugar
Irish Soda Bread II,baking powder
Zucchini Bread III,oil
Cinnamon Rolls I,egg
Sweet Potato Pecan Waffles,egg yolk
Mom's Baking Powder Biscuits,baking powder
Cornbread I,ground cornmeal
Pumpkin Bread II,oil
Cranberry Pumpkin Bread,brown sugar
Honey Whole Wheat Bread,honey
Basic Rye Bread,molasses
Oat-N-Honey Bread,egg
Mexican Style Cornbread,corn oil
Olive Bread,dry yeast
Donna's Chocolate Zucchini Bread,sugar
Blueberry Muffins I,egg
Calzone,salt
Uncle Wynn's Bread Machine Rye,honey
Beer Bread II,sugar
Garden Herb Loaf,sugar
Apricot Walnut Loaf,water
Panettone I,warm water
Potato Rosemary Rolls,oil
White Bread For The Bread Machine,sugar
Valentino's Pizza Crust,sugar
Monkey Bread I,sugar
Italian Bread II,brown sugar
New York Rye Bread,oil
Sweet Honey French Bread,honey
Pineapple Tangerine Bread,egg
Downeast Maine Pumpkin Bread,egg
Peppy's Pita Bread,flour
Pineapple Zucchini Bread,margarine
Walnut Raisin Scones,sugar
Pumpkin Nut Muffins,baking soda
Orange Muffins,baking powder
Yogurt Cornbread,water
Bagels I,sugar
Tortillas I,shorten
Whole Wheat Banana Strawberry Loaf,baking soda
Cheddar Muffins,baking powder
Burger or Hot Dog Buns,water
Buttermilk White Bread,honey
Carolyn's Orange Rolls,warm water
Orange Juice Muffins with Honey Spread,sugar
Seminole Pumpkin Bread,flour
Garlic Cheese Biscuits,milk
Quick Sticky Buns,margarine
Poppy Seed Bread III,sugar
Sweeter Muffins,milk
Pumpkin Bread III,sugar
Whole Wheat Zucchini Herb Bread,honey
Chinky's Bibingka,coconut milk
Chinky's Mango Bread,ground cinnamon
Chinky's Puto Bread,sugar
Baked Pumpkin Bread,baking soda
Blueberry Muffins II,blueberry
Eggnog Quick Bread,sugar
Strawberry Nut Bread,baking soda
Boiled Bagels,dry yeast
Mocha Cream Bread,water
Pina Colada Bread,rum
Date Nut Bread,boil water
Blueberry Monkey Bread,ground cinnamon
Streusel Topped Blueberry Muffins,baking powder
Easy Biscuits,shorten
Amish Friendship Bread I,oil
Jalapeno Bread I,salt
Jalapeno Bread II,salt
Sourdough Tomato Bread,warm water
Chocolate Chip Almond Bread,salt
Hot Onion Pinwheels,warm water
Pumpkin Bread IV,oil
"Basil, Roasted Peppers and Monterey Jack Cornbread",cornmeal
Crispy Cheese Twists,garlic powder
Mom's Yeast Rolls,sugar
Sweet Potato Bread I,egg
Orange Buns,milk
Cornish Splits,sugar
Jalapeno Cheese Bread,mince jalapeno pepper
Dee's Health Bread,warm water
Oatmeal Bread I,oil
Strawberry Bread I,ground cinnamon
Sun Dried Tomato and Asiago Cheese Bread,lemon juice
Hawaiian Sweet Bread,flour
The Best Corn Bread You'll Ever Eat,oil
No Knead Refrigerator Rolls,sugar
Sourdough Starter I,warm water
Sourdough Bread I,salt
Dilly Bread,sugar
Pumpkin Bread I,salt
Sy's Challah,oil
Onion Bread I,milk
Grandma VanDoren's White Bread,salt
Italian Bread I,sugar
Sunday Dinner Rolls,sugar
Banana Wheat Bread,salt
Banana Bread,salt
Candied Fruit Bread,salt
Nut and Fruit Bread,salt
Mother's Banana Bread,baking soda
Pumpernickel Bread I,molasses
Buttermilk Bread I,sugar
Sun Dried Tomato Focaccia,dry milk powder
Michell Jenny's Challah,honey
Potato Bread I,egg
Delicious Pumpkin Bread,baking soda
Mom's Zucchini Bread,baking soda
Cinnamon Cranraisin Bread,margarine
Molasses-Oat Bran Bread,warm water
Fabulous Homemade Bread,bread flour
Persimmon Bread I,sugar
Cinnamon Carrot Bread,seed oil
Strawberry Bread II,egg
Alienated Blueberry Muffins,flour
Yummy Lemon Bread,milk
Nick's Favorite Cherry Pecan Bread,egg
Swedish Rye Bread I,warm milk
Bran Muffins I,boil water
Zucchini Walnut Bread,sugar
Apricot Nut Bread,sugar
Babka I,cake cake yeast
Brazilian Banana Bread,egg yolk
Easy Banana Bread,shorten
Banana Oat Muffins,sugar
Canadian Doughnuts,dry yeast
Beer Bread I,sugar
Beer Biscuits,salt
Cardamom Bread,evaporate skim milk
Three C Bread,milk
Grandma Cornish's Whole Wheat Potato Bread,salt
Chocolate Bread,warm water
Strawberry Rhubarb Muffins,brown rice flour
Poppy Seed Bread I,flour
Zucchini Bread,sugar
Honey Wheat Bread I,warm water
Honey White Bread,honey
Mom's Hazelnut Special,wheat flour
Quick Lemon Poppy Seed Bread,oil
Maple Zucchini Bread,brown sugar
Chocolate Chip Orange Zucchini Bread,oil
Chocolate Chip Pumpkin Bread,oil
Red Pepper Biscuits,garlic powder
Chocolate Wave Zucchini Bread,egg
Wheat and Barley Bread,egg
Tomato Bread I,package yeast
Zucchini Bread II,brown sugar
Mall Pretzels,salt
Soft Pretzels I,sugar
Sweet Potato Rolls,sweet potato puree
Tea Biscuits,salt
Cheddar Biscuits,milk
Cottage Dill Bread,margarine
English Muffin Loaves,sugar
Parmesan Focaccia Bread,salt
Darbey Bread,onion
Nonfat Sour Cream Cake Bread,brown sugar
Coconut Bread I,egg
Irish Soda Bread I,baking soda
Ciabatta,warm water
Lower Fat Banana Nut Bread,walnut
Orange Nut Bread,water
Poppy Seed Bread II,baking powder
Oatmeal Chocolate Chip Muffins,egg
Lower Fat Banana Bread I,egg
Sourdough Bread II,bread flour
Parmesan Herb Bread,dry oregano
Simple Banana Bread,egg
Unbelievable Rolls,sugar
Pecan Sticky Buns,buttermilk
Challah I,honey
Tasty Buns,milk
Breakfast Muffins,baking powder
Honey Wheat Bread II,dry yeast
Special Pumpkin Bread,brown sugar
4H Banana Bread,sugar
Oatmeal Blueberry Muffins,sugar
Instant Rolls,mayonnaise
Basic Sweet Dough,water
Lemon Bread,egg
Pumpkin Coconut Bread,oil
Simple White Bread,dry milk powder
Hazelnut Chocolate Chip Scones,baking powder
Simple Whole Wheat Bread,honey
Rye Beer Bread,dry yeast
Mrs. Kurtz's Banana Bread,egg
Pizza Dough I,oil
Banana Nut Bread I,egg
Blue Ribbon Overnight Rolls,sugar
Cinnamon Raisin Bread I,dry yeast
Homemade Focaccia Bread,salt
Whole Wheat Bread I,wheat flour
Sourdough Drop Biscuits,baking soda
Sourdough Starter II,dry yeast
Milk and Honey Loaf,warm water
Crazay  Bagels,sugar
Italian Herb Bread I,sugar
Potato Bread II,dry potato flake
Amish White Bread,dry yeast
Cottage Cheese Bread I,margarine
Nana's Nut Bread,egg
Irish Soda Bread II,salt
Zucchini Bread III,brown sugar
Cinnamon Rolls I,bread flour
Sweet Potato Pecan Waffles,milk
Mom's Baking Powder Biscuits,salt
Cornbread I,salt
Pumpkin Bread II,egg
Cranberry Pumpkin Bread,baking soda
Honey Whole Wheat Bread,salt
Basic Rye Bread,oil
Oat-N-Honey Bread,warm water
Mexican Style Cornbread,buttermilk
Olive Bread,molasses
Donna's Chocolate Zucchini Bread,oil
Blueberry Muffins I,oil
Calzone,bread flour
Uncle Wynn's Bread Machine Rye,oil
Beer Bread II,bottle beer
Garden Herb Loaf,package yeast
Apricot Walnut Loaf,salt
Panettone I,sugar
Potato Rosemary Rolls,dry milk powder
White Bread For The Bread Machine,salt
Valentino's Pizza Crust,dry yeast
Monkey Bread I,ground cinnamon
Italian Bread II,salt
New York Rye Bread,honey
Sweet Honey French Bread,oil
Pineapple Tangerine Bread,butter
Downeast Maine Pumpkin Bread,oil
Peppy's Pita Bread,salt
Pineapple Zucchini Bread,grate zucchini
Walnut Raisin Scones,baking powder
Pumpkin Nut Muffins,baking powder
Orange Muffins,baking soda
Yogurt Cornbread,margarine
Bagels I,salt
Tortillas I,baking powder
Whole Wheat Banana Strawberry Loaf,egg
Cheddar Muffins,salt
Burger or Hot Dog Buns,butter
Buttermilk White Bread,margarine
Carolyn's Orange Rolls,butter
Orange Juice Muffins with Honey Spread,egg
Seminole Pumpkin Bread,baking powder
Garlic Cheese Biscuits,cheddar cheese
Quick Sticky Buns,brown sugar
Poppy Seed Bread III,baking powder
Sweeter Muffins,oil
Pumpkin Bread III,ground cinnamon
Whole Wheat Zucchini Herb Bread,oil
Chinky's Bibingka,melt butter
Chinky's Mango Bread,baking soda
Chinky's Puto Bread,baking powder
Baked Pumpkin Bread,salt
Blueberry Muffins II,egg
Eggnog Quick Bread,butter
Strawberry Nut Bread,salt
Boiled Bagels,warm water
Mocha Cream Bread,evaporate milk
Pina Colada Bread,warm water
Date Nut Bread,baking soda
Blueberry Monkey Bread,buttermilk biscuit
Streusel Topped Blueberry Muffins,salt
Easy Biscuits,milk
Amish Friendship Bread I,egg
Jalapeno Bread I,sugar
Jalapeno Bread II,sugar
Sourdough Tomato Bread,dry yeast
Chocolate Chip Almond Bread,margarine
Hot Onion Pinwheels,sugar
Pumpkin Bread IV,sugar
"Basil, Roasted Peppers and Monterey Jack Cornbread",flour
Crispy Cheese Twists,puff pastry
Mom's Yeast Rolls,salt
Sweet Potato Bread I,sift flour
Orange Buns,dry yeast
Cornish Splits,flour
Jalapeno Cheese Bread,sugar
Dee's Health Bread,warm water
Oatmeal Bread I,salt
Strawberry Bread I,salt
Sun Dried Tomato and Asiago Cheese Bread,sugar
Hawaiian Sweet Bread,salt
The Best Corn Bread You'll Ever Eat,corn meal mix
No Knead Refrigerator Rolls,salt
Sourdough Starter I,dry yeast
Sourdough Bread I,sugar
Dilly Bread,cottage cheese
Pumpkin Bread I,baking powder
Sy's Challah,warm water
Onion Bread I,sugar
Grandma VanDoren's White Bread,oil
Italian Bread I,baking powder
Sunday Dinner Rolls,sugar
Banana Wheat Bread,baking soda
Banana Bread,sugar
Candied Fruit Bread,ground cinnamon
Nut and Fruit Bread,sugar
Mother's Banana Bread,salt
Pumpernickel Bread I,bread flour
Buttermilk Bread I,salt
Sun Dried Tomato Focaccia,sugar
Michell Jenny's Challah,egg
Potato Bread I,margarine
Delicious Pumpkin Bread,salt
Mom's Zucchini Bread,baking powder
Cinnamon Cranraisin Bread,flour
Molasses-Oat Bran Bread,butter
Fabulous Homemade Bread,sugar
Persimmon Bread I,salt
Cinnamon Carrot Bread,flour
Strawberry Bread II,flour
Alienated Blueberry Muffins,baking powder
Yummy Lemon Bread,egg
Nick's Favorite Cherry Pecan Bread,buttermilk
Swedish Rye Bread I,salt
Bran Muffins I,shorten
Zucchini Walnut Bread,oil
Apricot Nut Bread,egg
Babka I,warm water
Brazilian Banana Bread,flour
Easy Banana Bread,sugar
Banana Oat Muffins,baking powder
Canadian Doughnuts,oil
Beer Biscuits,shorten
Cardamom Bread,salt
Three C Bread,sift flour
Grandma Cornish's Whole Wheat Potato Bread,sugar
Chocolate Bread,package yeast
Strawberry Rhubarb Muffins,baking powder
Poppy Seed Bread I,egg
Zucchini Bread,oil
Honey Wheat Bread I,evaporate milk
Honey White Bread,bread flour
Mom's Hazelnut Special,bread flour
Quick Lemon Poppy Seed Bread,lemon mix
Maple Zucchini Bread,sugar
Chocolate Chip Orange Zucchini Bread,vanilla extract
Chocolate Chip Pumpkin Bread,water
Red Pepper Biscuits,milk
Chocolate Wave Zucchini Bread,grate zucchini
Wheat and Barley Bread,sugar
Tomato Bread I,oil
Zucchini Bread II,grate zucchini
Mall Pretzels,warm water
Soft Pretzels I,salt
Sweet Potato Rolls,warm water
Tea Biscuits,shorten
Cheddar Biscuits,garlic powder
Cottage Dill Bread,bread flour
English Muffin Loaves,milk
Parmesan Focaccia Bread,bread flour
Darbey Bread,oil
Nonfat Sour Cream Cake Bread,egg
Coconut Bread I,coconut extract
Irish Soda Bread I,baking powder
Ciabatta,warm water
Lower Fat Banana Nut Bread,raisin
Orange Nut Bread,melt shorten
Poppy Seed Bread II,egg
Oatmeal Chocolate Chip Muffins,oil
Lower Fat Banana Bread I,mash banana
Sourdough Bread II,warm water
Parmesan Herb Bread,sugar
Simple Banana Bread,flour
Unbelievable Rolls,salt
Pecan Sticky Buns,egg
Challah I,oil
Tasty Buns,water
Breakfast Muffins,salt
Honey Wheat Bread II,salt
Special Pumpkin Bread,sugar
4H Banana Bread,egg
Oatmeal Blueberry Muffins,baking powder
Instant Rolls,milk
Basic Sweet Dough,compress yeast
Lemon Bread,milk
Pumpkin Coconut Bread,egg
Simple White Bread,oil
Hazelnut Chocolate Chip Scones,baking soda
Simple Whole Wheat Bread,bread flour
Rye Beer Bread,sugar
Mrs. Kurtz's Banana Bread,mash banana
Pizza Dough I,salt
Banana Nut Bread I,mash banana
Blue Ribbon Overnight Rolls,egg
Cinnamon Raisin Bread I,egg
Homemade Focaccia Bread,dry yeast
Whole Wheat Bread I,bread flour
Sourdough Drop Biscuits,salt
Milk and Honey Loaf,salt
Crazay  Bagels,salt
Italian Herb Bread I,oil
Potato Bread II,dry milk powder
Amish White Bread,salt
Cottage Cheese Bread I,egg
Nana's Nut Bread,milk
Irish Soda Bread II,sugar
Zucchini Bread III,grate zucchini
Cinnamon Rolls I,sugar
Sweet Potato Pecan Waffles,cake flour
Mom's Baking Powder Biscuits,shorten
Cornbread I,baking soda
Pumpkin Bread II,flour
Cranberry Pumpkin Bread,baking powder
Honey Whole Wheat Bread,wheat flour
Basic Rye Bread,salt
Oat-N-Honey Bread,honey
Mexican Style Cornbread,cheddar cheese
Olive Bread,oil
Donna's Chocolate Zucchini Bread,chocolate
Blueberry Muffins I,flour
Calzone,dry milk powder
Uncle Wynn's Bread Machine Rye,caraway seed
Beer Bread II,cheddar cheese
Garden Herb Loaf,salt
Apricot Walnut Loaf,oil
Panettone I,egg
Potato Rosemary Rolls,dry potato flake
White Bread For The Bread Machine,oil
Valentino's Pizza Crust,oil
Monkey Bread I,margarine
Italian Bread II,warm water
New York Rye Bread,salt
Sweet Honey French Bread,salt
Pineapple Tangerine Bread,grate tangerine zest
Downeast Maine Pumpkin Bread,water
Peppy's Pita Bread,oil
Pineapple Zucchini Bread,crush pineapple juice
Walnut Raisin Scones,baking soda
Pumpkin Nut Muffins,ground cinnamon
Orange Muffins,salt
Yogurt Cornbread,bread flour
Bagels I,dry yeast
Tortillas I,salt
Whole Wheat Banana Strawberry Loaf,oil
Burger or Hot Dog Buns,flour
Buttermilk White Bread,salt
Carolyn's Orange Rolls,sugar
Orange Juice Muffins with Honey Spread,orange zest
Seminole Pumpkin Bread,baking soda
Garlic Cheese Biscuits,butter
Quick Sticky Buns,ground cinnamon
Poppy Seed Bread III,salt
Sweeter Muffins,flour
Pumpkin Bread III,ground
Whole Wheat Zucchini Herb Bread,grate zucchini
Chinky's Bibingka,egg
Chinky's Mango Bread,salt
Chinky's Puto Bread,evaporate milk
Baked Pumpkin Bread,ground cinnamon
Blueberry Muffins II,oil
Eggnog Quick Bread,eggnog
Strawberry Nut Bread,ground cinnamon
Boiled Bagels,sugar
Mocha Cream Bread,salt
Pina Colada Bread,margarine
Date Nut Bread,walnut
Blueberry Monkey Bread,blueberry
Streusel Topped Blueberry Muffins,flour
Amish Friendship Bread I,flour
Jalapeno Bread I,monterey jack cheese
Jalapeno Bread II,cheddar cheese
Sourdough Tomato Bread,warm tomato juice
Chocolate Chip Almond Bread,bread flour
Hot Onion Pinwheels,salt
Pumpkin Bread IV,egg
"Basil, Roasted Peppers and Monterey Jack Cornbread",sugar
Crispy Cheese Twists,egg
Mom's Yeast Rolls,water
Sweet Potato Bread I,baking soda
Orange Buns,bread flour
Cornish Splits,salt
Jalapeno Cheese Bread,salt
Dee's Health Bread,honey
Oatmeal Bread I,boil water
Strawberry Bread I,baking soda
Sun Dried Tomato and Asiago Cheese Bread,powder milk
Hawaiian Sweet Bread,dry milk powder
The Best Corn Bread You'll Ever Eat,corn
No Knead Refrigerator Rolls,shorten
Sourdough Bread I,corn oil
Dilly Bread,margarine
Pumpkin Bread I,sugar
Sy's Challah,dry yeast
Onion Bread I,salt
Grandma VanDoren's White Bread,sugar
Italian Bread I,baking soda
Sunday Dinner Rolls,egg
Banana Wheat Bread,mash banana
Banana Bread,egg
Candied Fruit Bread,sugar
Nut and Fruit Bread,walnut
Mother's Banana Bread,sugar
Pumpernickel Bread I,rye flour
Buttermilk Bread I,bread flour
Sun Dried Tomato Focaccia,salt
Michell Jenny's Challah,butter
Potato Bread I,sugar
Delicious Pumpkin Bread,ground
Mom's Zucchini Bread,ground cinnamon
Cinnamon Cranraisin Bread,dry milk powder
Molasses-Oat Bran Bread,molasses
Fabulous Homemade Bread,oat
Persimmon Bread I,oil
Cinnamon Carrot Bread,baking powder
Strawberry Bread II,baking powder
Alienated Blueberry Muffins,salt
Yummy Lemon Bread,flour
Nick's Favorite Cherry Pecan Bread,baking soda
Swedish Rye Bread I,bread flour
Bran Muffins I,sugar
Zucchini Walnut Bread,flour
Apricot Nut Bread,sift flour
Babka I,egg
Brazilian Banana Bread,baking powder
Easy Banana Bread,vanilla extract
Banana Oat Muffins,baking soda
Canadian Doughnuts,warm water
Beer Biscuits,beer
Cardamom Bread,canola oil
Three C Bread,sugar
Grandma Cornish's Whole Wheat Potato Bread,shorten
Chocolate Bread,bread flour
Strawberry Rhubarb Muffins,baking soda
Poppy Seed Bread I,oil
Zucchini Bread,grate zucchini
Honey Wheat Bread I,water
Honey White Bread,salt
Mom's Hazelnut Special,warm water
Quick Lemon Poppy Seed Bread,water
Maple Zucchini Bread,maple flavor extract
Chocolate Chip Orange Zucchini Bread,grate zucchini
Chocolate Chip Pumpkin Bread,egg
Red Pepper Biscuits,cheddar cheese
Chocolate Wave Zucchini Bread,water
Wheat and Barley Bread,baking soda
Tomato Bread I,honey
Zucchini Bread II,vanilla extract
Mall Pretzels,flour
Soft Pretzels I,flour
Sweet Potato Rolls,margarine
Tea Biscuits,milk
Cheddar Biscuits,margarine
Cottage Dill Bread,sugar
English Muffin Loaves,baking soda
Parmesan Focaccia Bread,lecithin
Darbey Bread,season
Nonfat Sour Cream Cake Bread,skim milk
Coconut Bread I,flour
Irish Soda Bread I,salt
Ciabatta,bread flour
Lower Fat Banana Nut Bread,baking powder
Orange Nut Bread,vanilla extract
Poppy Seed Bread II,milk
Oatmeal Chocolate Chip Muffins,brown sugar
Lower Fat Banana Bread I,water
Sourdough Bread II,sugar
Parmesan Herb Bread,dry yeast
Simple Banana Bread,baking powder
Unbelievable Rolls,egg
Pecan Sticky Buns,flour
Challah I,egg
Tasty Buns,oil
Breakfast Muffins,milk
Honey Wheat Bread II,honey
Special Pumpkin Bread,cream mix
4H Banana Bread,milk
Oatmeal Blueberry Muffins,salt
Basic Sweet Dough,salt
Lemon Bread,flour
Pumpkin Coconut Bread,pumpkin puree
Simple White Bread,sugar
Hazelnut Chocolate Chip Scones,salt
Simple Whole Wheat Bread,butter
Rye Beer Bread,salt
Mrs. Kurtz's Banana Bread,milk
Pizza Dough I,sugar
Banana Nut Bread I,flour
Blue Ribbon Overnight Rolls,butter
Cinnamon Raisin Bread I,sugar
Homemade Focaccia Bread,water
Whole Wheat Bread I,dry yeast
Sourdough Drop Biscuits,flour
Milk and Honey Loaf,butter
Crazay  Bagels,ground cinnamon
Italian Herb Bread I,salt
Potato Bread II,sugar
Amish White Bread,oil
Cottage Cheese Bread I,sugar
Nana's Nut Bread,baking soda
Irish Soda Bread II,buttermilk
Zucchini Bread III,vanilla extract
Cinnamon Rolls I,powder milk
Sweet Potato Pecan Waffles,baking powder
Mom's Baking Powder Biscuits,milk
Cornbread I,egg
Pumpkin Bread II,sugar
Cranberry Pumpkin Bread,salt
Honey Whole Wheat Bread,bread flour
Basic Rye Bread,flour
Oat-N-Honey Bread,wheat flour
Mexican Style Cornbread,corn
Olive Bread,salt
Donna's Chocolate Zucchini Bread,vanilla extract
Blueberry Muffins I,baking powder
Calzone,sugar
Uncle Wynn's Bread Machine Rye,cornmeal
Beer Bread II,pepper
Garden Herb Loaf,dry marjoram
Apricot Walnut Loaf,honey
Panettone I,nonfat plain yogurt
Potato Rosemary Rolls,sugar
White Bread For The Bread Machine,bread flour
Valentino's Pizza Crust,salt
Monkey Bread I,brown sugar
Italian Bread II,oil
New York Rye Bread,caraway seed
Sweet Honey French Bread,sugar
Pineapple Tangerine Bread,flour
Downeast Maine Pumpkin Bread,sugar
Peppy's Pita Bread,sugar
Pineapple Zucchini Bread,egg
Walnut Raisin Scones,salt
Pumpkin Nut Muffins,ground
Orange Muffins,sugar
Yogurt Cornbread,cornmeal
Bagels I,warm water
Tortillas I,boil water
Whole Wheat Banana Strawberry Loaf,sugar
Cheddar Muffins,butter
Burger or Hot Dog Buns,package yeast
Buttermilk White Bread,bread flour
Carolyn's Orange Rolls,salt
Orange Juice Muffins with Honey Spread,orange juice
Seminole Pumpkin Bread,sugar
Garlic Cheese Biscuits,garlic powder
Quick Sticky Buns,dark corn syrup
Poppy Seed Bread III,milk
Sweeter Muffins,sugar
Pumpkin Bread III,ground allspice
Whole Wheat Zucchini Herb Bread,wheat flour
Chinky's Bibingka,sugar
Chinky's Mango Bread,sugar
Chinky's Puto Bread,water
Baked Pumpkin Bread,ground
Blueberry Muffins II,skim milk
Eggnog Quick Bread,rum flavor extract
Strawberry Nut Bread,sugar
Boiled Bagels,salt
Mocha Cream Bread,oil
Pina Colada Bread,flour
Date Nut Bread,sugar
Blueberry Monkey Bread,sugar
Streusel Topped Blueberry Muffins,blueberry
Amish Friendship Bread I,sugar
Jalapeno Bread I,jalapeno pepper
Jalapeno Bread II,jalapeno pepper
Sourdough Tomato Bread,sugar
Chocolate Chip Almond Bread,sugar
Hot Onion Pinwheels,butter
Pumpkin Bread IV,flour
"Basil, Roasted Peppers and Monterey Jack Cornbread",baking powder
Mom's Yeast Rolls,dry yeast
Sweet Potato Bread I,salt
Orange Buns,sugar
Cornish Splits,butter
Jalapeno Cheese Bread,water
Dee's Health Bread,molasses
Oatmeal Bread I,dry yeast
Strawberry Bread I,egg
Sun Dried Tomato and Asiago Cheese Bread,salt
Hawaiian Sweet Bread,dry potato flake
The Best Corn Bread You'll Ever Eat,cream
No Knead Refrigerator Rolls,flour
Sourdough Bread I,bread flour
Dilly Bread,sugar
Pumpkin Bread I,ground cinnamon
Sy's Challah,egg
Onion Bread I,margarine
Grandma VanDoren's White Bread,bread flour
Italian Bread I,salt
Sunday Dinner Rolls,warm water
Banana Wheat Bread,oil
Banana Bread,butter
Candied Fruit Bread,candy citron
Nut and Fruit Bread,raisin
Mother's Banana Bread,butter
Pumpernickel Bread I,cornmeal
Buttermilk Bread I,wheat flour
Sun Dried Tomato Focaccia,margarine
Michell Jenny's Challah,flour
Potato Bread I,dry milk powder
Delicious Pumpkin Bread,ground cinnamon
Mom's Zucchini Bread,egg
Cinnamon Cranraisin Bread,sugar
Molasses-Oat Bran Bread,oat bran
Fabulous Homemade Bread,wheat flour
Persimmon Bread I,ground cinnamon
Cinnamon Carrot Bread,baking soda
Strawberry Bread II,baking soda
Alienated Blueberry Muffins,margarine
Yummy Lemon Bread,baking powder
Nick's Favorite Cherry Pecan Bread,salt
Swedish Rye Bread I,molasses
Bran Muffins I,egg
Zucchini Walnut Bread,baking soda
Apricot Nut Bread,baking powder
Babka I,egg yolk
Brazilian Banana Bread,milk
Easy Banana Bread,flour
Banana Oat Muffins,salt
Canadian Doughnuts,salt
Cardamom Bread,bread flour
Three C Bread,baking powder
Grandma Cornish's Whole Wheat Potato Bread,salt
Chocolate Bread,sugar
Strawberry Rhubarb Muffins,ground allspice
Poppy Seed Bread I,sugar
Zucchini Bread,semisweet chocolate chip
Honey Wheat Bread I,melt shorten
Honey White Bread,powder
Mom's Hazelnut Special,sesame seed
Quick Lemon Poppy Seed Bread,seed
Maple Zucchini Bread,flour
Chocolate Chip Orange Zucchini Bread,walnut
Chocolate Chip Pumpkin Bread,flour
Red Pepper Biscuits,butter
Chocolate Wave Zucchini Bread,vanilla extract
Wheat and Barley Bread,salt
Tomato Bread I,parsley
Zucchini Bread II,flour
Mall Pretzels,bread flour
Soft Pretzels I,dry yeast
Sweet Potato Rolls,salt
Cheddar Biscuits,dry parsley
Cottage Dill Bread,dry milk powder
English Muffin Loaves,water
Parmesan Focaccia Bread,bread machine yeast
Nonfat Sour Cream Cake Bread,vanilla extract
Coconut Bread I,cream
Irish Soda Bread I,egg
Ciabatta,bread
Lower Fat Banana Nut Bread,baking soda
Orange Nut Bread,egg
Poppy Seed Bread II,oil
Oatmeal Chocolate Chip Muffins,semisweet chocolate chip
Lower Fat Banana Bread I,flour
Sourdough Bread II,salt
Parmesan Herb Bread,grate cheese
Simple Banana Bread,salt
Unbelievable Rolls,dry yeast
Pecan Sticky Buns,margarine
Challah I,salt
Tasty Buns,sugar
Breakfast Muffins,egg
Honey Wheat Bread II,oil
Special Pumpkin Bread,baking soda
4H Banana Bread,baking powder
Oatmeal Blueberry Muffins,milk
Basic Sweet Dough,sugar
Lemon Bread,salt
Pumpkin Coconut Bread,flour
Simple White Bread,salt
Hazelnut Chocolate Chip Scones,butter
Simple Whole Wheat Bread,honey
Rye Beer Bread,shorten
Mrs. Kurtz's Banana Bread,baking soda
Pizza Dough I,warm water
Banana Nut Bread I,buttermilk
Blue Ribbon Overnight Rolls,salt
Cinnamon Raisin Bread I,salt
Homemade Focaccia Bread,oil
Whole Wheat Bread I,water
Milk and Honey Loaf,rye flour
Crazay  Bagels,baking powder
Italian Herb Bread I,dry basil
Potato Bread II,salt
Amish White Bread,bread flour
Cottage Cheese Bread I,baking soda
Nana's Nut Bread,flour
Irish Soda Bread II,raisin
Zucchini Bread III,flour
Cinnamon Rolls I,salt
Sweet Potato Pecan Waffles,sugar
Cornbread I,shorten
Pumpkin Bread II,baking soda
Cranberry Pumpkin Bread,ground cinnamon
Honey Whole Wheat Bread,oil
Basic Rye Bread,rye flour
Oat-N-Honey Bread,flour
Mexican Style Cornbread,onion
Olive Bread,bread flour
Donna's Chocolate Zucchini Bread,flour
Blueberry Muffins I,sugar
Calzone,dry yeast
Uncle Wynn's Bread Machine Rye,dark rye flour
Beer Bread II,butter
Garden Herb Loaf,dry thyme
Apricot Walnut Loaf,rye flour
Panettone I,vanilla extract
Potato Rosemary Rolls,dry rosemary
White Bread For The Bread Machine,dry yeast
Valentino's Pizza Crust,flour
Monkey Bread I,walnut
Italian Bread II,dry yeast
New York Rye Bread,rye flour
Sweet Honey French Bread,bread flour
Pineapple Tangerine Bread,sugar
Downeast Maine Pumpkin Bread,flour
Peppy's Pita Bread,dry yeast
Pineapple Zucchini Bread,flour
Walnut Raisin Scones,grate lemon zest
Pumpkin Nut Muffins,ground ginger
Orange Muffins,grate orange zest
Yogurt Cornbread,kernel corn
Bagels I,margarine
Whole Wheat Banana Strawberry Loaf,banana
Cheddar Muffins,egg
Burger or Hot Dog Buns,sugar
Buttermilk White Bread,dry yeast
Carolyn's Orange Rolls,scald milk
Orange Juice Muffins with Honey Spread,sugar
Seminole Pumpkin Bread,water
Poppy Seed Bread III,vanilla extract
Sweeter Muffins,baking powder
Pumpkin Bread III,salt
Whole Wheat Zucchini Herb Bread,bread flour
Chinky's Bibingka,salt
Chinky's Mango Bread,egg
Chinky's Puto Bread,egg
Baked Pumpkin Bread,pack pumpkin puree
Blueberry Muffins II,margarine
Eggnog Quick Bread,vanilla extract
Strawberry Nut Bread,slice strawberry
Boiled Bagels,sugar
Mocha Cream Bread,bread flour
Pina Colada Bread,flake coconut
Date Nut Bread,margarine
Blueberry Monkey Bread,margarine
Streusel Topped Blueberry Muffins,butter
Amish Friendship Bread I,ground cinnamon
Jalapeno Bread I,bread flour
Jalapeno Bread II,bread flour
Sourdough Tomato Bread,salt
Chocolate Chip Almond Bread,dry yeast
Hot Onion Pinwheels,dry milk powder
Pumpkin Bread IV,baking powder
"Basil, Roasted Peppers and Monterey Jack Cornbread",salt
Mom's Yeast Rolls,flour
Sweet Potato Bread I,ground cinnamon
Orange Buns,egg
Jalapeno Cheese Bread,dry yeast
Dee's Health Bread,oil
Oatmeal Bread I,lukewarm water
Strawberry Bread I,oil
Sun Dried Tomato and Asiago Cheese Bread,bread flour
Hawaiian Sweet Bread,dry yeast
No Knead Refrigerator Rolls,egg
Dilly Bread,dill seed
Pumpkin Bread I,pumpkin pie spice
Sy's Challah,flour
Onion Bread I,flour
Italian Bread I,dry rosemary
Sunday Dinner Rolls,oil
Banana Wheat Bread,honey
Banana Bread,banana
Candied Fruit Bread,currant
Nut and Fruit Bread,orange zest
Mother's Banana Bread,egg
Pumpernickel Bread I,salt
Buttermilk Bread I,dry yeast
Sun Dried Tomato Focaccia,dry yeast
Michell Jenny's Challah,dry yeast
Potato Bread I,salt
Delicious Pumpkin Bread,pack pumpkin puree
Mom's Zucchini Bread,oil
Cinnamon Cranraisin Bread,ground cinnamon
Molasses-Oat Bran Bread,wheat flour
Fabulous Homemade Bread,warm water
Persimmon Bread I,persimmon pulp
Cinnamon Carrot Bread,ground cinnamon
Strawberry Bread II,almond extract
Alienated Blueberry Muffins,sugar
Yummy Lemon Bread,grate lemon zest
Nick's Favorite Cherry Pecan Bread,vanilla extract
Swedish Rye Bread I,brown sugar
Bran Muffins I,buttermilk
Zucchini Walnut Bread,salt
Apricot Nut Bread,baking soda
Babka I,sugar
Brazilian Banana Bread,egg
Easy Banana Bread,baking soda
Banana Oat Muffins,egg
Canadian Doughnuts,sugar
Cardamom Bread,ground cardamom
Three C Bread,baking soda
Grandma Cornish's Whole Wheat Potato Bread,warm milk
Chocolate Bread,cocoa powder
Poppy Seed Bread I,baking soda
Zucchini Bread,ground cinnamon
Honey Wheat Bread I,honey
Honey White Bread,ground ginger
Mom's Hazelnut Special,seed
Maple Zucchini Bread,wheat germ
Chocolate Chip Orange Zucchini Bread,semisweet chocolate chip
Chocolate Chip Pumpkin Bread,ground cinnamon
Chocolate Wave Zucchini Bread,flour
Wheat and Barley Bread,flour
Tomato Bread I,onion
Zucchini Bread II,ground cinnamon
Mall Pretzels,warm water
Soft Pretzels I,water
Sweet Potato Rolls,egg
Cheddar Biscuits,garlic salt
Cottage Dill Bread,dry mince onion
English Muffin Loaves,salt
Parmesan Focaccia Bread,oil
Nonfat Sour Cream Cake Bread,flour
Coconut Bread I,flake coconut
Irish Soda Bread I,cream
Ciabatta,dry yeast
Lower Fat Banana Nut Bread,ripe banana
Orange Nut Bread,flour
Poppy Seed Bread II,sugar
Lower Fat Banana Bread I,baking soda
Sourdough Bread II,dry yeast
Parmesan Herb Bread,flour
Simple Banana Bread,walnut
Unbelievable Rolls,flour
Pecan Sticky Buns,sugar
Challah I,flour
Tasty Buns,salt
Breakfast Muffins,butter
Honey Wheat Bread II,flour
Special Pumpkin Bread,egg
4H Banana Bread,salt
Oatmeal Blueberry Muffins,egg
Basic Sweet Dough,shorten
Lemon Bread,baking powder
Pumpkin Coconut Bread,baking soda
Simple White Bread,flour
Hazelnut Chocolate Chip Scones,buttermilk
Simple Whole Wheat Bread,salt
Rye Beer Bread,egg
Mrs. Kurtz's Banana Bread,flour
Banana Nut Bread I,baking soda
Blue Ribbon Overnight Rolls,flour
Cinnamon Raisin Bread I,margarine
Homemade Focaccia Bread,egg
Whole Wheat Bread I,honey
Milk and Honey Loaf,wheat flour
Crazay  Bagels,baking soda
Italian Herb Bread I,dry oregano
Potato Bread II,oil
Cottage Cheese Bread I,salt
Nana's Nut Bread,cream tartar
Irish Soda Bread II,egg
Zucchini Bread III,wheat flour
Cinnamon Rolls I,butter
Sweet Potato Pecan Waffles,salt
Pumpkin Bread II,salt
Cranberry Pumpkin Bread,ground clove
Honey Whole Wheat Bread,dry yeast
Basic Rye Bread,brown sugar
Oat-N-Honey Bread,oat
Mexican Style Cornbread,jalapeno pepper
Olive Bread,kalamata
Donna's Chocolate Zucchini Bread,salt
Blueberry Muffins I,blueberry
Uncle Wynn's Bread Machine Rye,bread flour
Garden Herb Loaf,dry rosemary
Apricot Walnut Loaf,bread flour
Panettone I,grate lemon zest
Potato Rosemary Rolls,salt
Monkey Bread I,raisin
Italian Bread II,egg
New York Rye Bread,bread flour
Sweet Honey French Bread,dry yeast
Pineapple Tangerine Bread,wheat germ
Downeast Maine Pumpkin Bread,baking soda
Pineapple Zucchini Bread,baking soda
Walnut Raisin Scones,butter
Pumpkin Nut Muffins,egg
Orange Muffins,orange juice
Yogurt Cornbread,sugar
Bagels I,sugar
Whole Wheat Banana Strawberry Loaf,strawberry
Cheddar Muffins,milk
Burger or Hot Dog Buns,salt
Buttermilk White Bread,powder buttermilk
Carolyn's Orange Rolls,egg
Orange Juice Muffins with Honey Spread,ground cinnamon
Seminole Pumpkin Bread,oil fry
Poppy Seed Bread III,egg
Sweeter Muffins,salt
Pumpkin Bread III,baking soda
Whole Wheat Zucchini Herb Bread,basil
Chinky's Bibingka,vanilla extract
Chinky's Mango Bread,oil
Chinky's Puto Bread,margarine
Baked Pumpkin Bread,brown sugar
Blueberry Muffins II,baking powder
Eggnog Quick Bread,flour
Strawberry Nut Bread,egg
Mocha Cream Bread,brown sugar
Pina Colada Bread,sugar
Date Nut Bread,egg
Blueberry Monkey Bread,vanilla extract
Streusel Topped Blueberry Muffins,sugar
Amish Friendship Bread I,salt
Jalapeno Bread I,dry yeast
Jalapeno Bread II,dry yeast
Sourdough Tomato Bread,flour
Chocolate Chip Almond Bread,semisweet chocolate chip
Hot Onion Pinwheels,flour
Pumpkin Bread IV,baking soda
"Basil, Roasted Peppers and Monterey Jack Cornbread",baking soda
Mom's Yeast Rolls,egg
Sweet Potato Bread I,ground
Orange Buns,orange juice
Jalapeno Cheese Bread,oil
Dee's Health Bread,egg
Oatmeal Bread I,wheat flour
Sun Dried Tomato and Asiago Cheese Bread,flour
Hawaiian Sweet Bread,vanilla extract
Dilly Bread,dry mince onion
Sy's Challah,egg
Onion Bread I,onion mix
Italian Bread I,dry parsley
Sunday Dinner Rolls,salt
Banana Wheat Bread,egg
Candied Fruit Bread,candy cherry
Nut and Fruit Bread,egg
Mother's Banana Bread,mash banana
Pumpernickel Bread I,dry yeast
Sun Dried Tomato Focaccia,tomato
Potato Bread I,bread flour
Delicious Pumpkin Bread,water
Mom's Zucchini Bread,sugar
Cinnamon Cranraisin Bread,vanilla extract
Molasses-Oat Bran Bread,salt
Fabulous Homemade Bread,salt
Persimmon Bread I,walnut
Cinnamon Carrot Bread,egg
Strawberry Bread II,strawberry
Alienated Blueberry Muffins,egg
Yummy Lemon Bread,walnut
Nick's Favorite Cherry Pecan Bread,flour
Swedish Rye Bread I,melt shorten
Bran Muffins I,flour
Zucchini Walnut Bread,ground cinnamon
Apricot Nut Bread,salt
Babka I,salt
Brazilian Banana Bread,banana
Easy Banana Bread,salt
Banana Oat Muffins,milk
Canadian Doughnuts,flour
Cardamom Bread,sugar
Three C Bread,ground cinnamon
Grandma Cornish's Whole Wheat Potato Bread,dry yeast
Strawberry Rhubarb Muffins,water
Poppy Seed Bread I,vanilla extract
Zucchini Bread,baking soda
Honey Wheat Bread I,salt
Honey White Bread,dry yeast
Mom's Hazelnut Special,hazelnut
Maple Zucchini Bread,baking soda
Chocolate Chip Orange Zucchini Bread,orange zest
Chocolate Chip Pumpkin Bread,ground
Chocolate Wave Zucchini Bread,baking soda
Wheat and Barley Bread,melt shorten
Tomato Bread I,clove garlic
Zucchini Bread II,baking powder
Mall Pretzels,baking soda
Soft Pretzels I,baking soda
Sweet Potato Rolls,flour
Cottage Dill Bread,dill seed
English Muffin Loaves,cornmeal
Parmesan Focaccia Bread,dry oregano
Nonfat Sour Cream Cake Bread,dry yeast
Coconut Bread I,confectioner sugar
Irish Soda Bread I,raisin
Ciabatta,warm milk
Lower Fat Banana Nut Bread,margarine
Orange Nut Bread,salt
Poppy Seed Bread II,seed
Oatmeal Chocolate Chip Muffins,flour
Lower Fat Banana Bread I,salt
Sourdough Bread II,warm water
Parmesan Herb Bread,salt
Unbelievable Rolls,margarine
Pecan Sticky Buns,baking powder
Challah I,seed
Breakfast Muffins,blueberry
Special Pumpkin Bread,flour
4H Banana Bread,margarine
Oatmeal Blueberry Muffins,oil
Basic Sweet Dough,egg
Lemon Bread,lemon zest
Pumpkin Coconut Bread,salt
Simple White Bread,butter
Hazelnut Chocolate Chip Scones,egg
Simple Whole Wheat Bread,wheat flour
Rye Beer Bread,bread flour
Mrs. Kurtz's Banana Bread,salt
Banana Nut Bread I,baking powder
Cinnamon Raisin Bread I,raisin
Homemade Focaccia Bread,oil
Milk and Honey Loaf,flour
Crazay  Bagels,egg
Italian Herb Bread I,garlic powder
Potato Bread II,dry yeast
Cottage Cheese Bread I,bread flour
Nana's Nut Bread,salt
Irish Soda Bread II,caraway seed
Zucchini Bread III,baking powder
Cinnamon Rolls I,yeast
Sweet Potato Pecan Waffles,ground
Pumpkin Bread II,ground allspice
Cranberry Pumpkin Bread,egg substitute
Basic Rye Bread,cocoa powder
Oat-N-Honey Bread,oil
Mexican Style Cornbread,cornmeal
Olive Bread,rosemary
Donna's Chocolate Zucchini Bread,ground cinnamon
Calzone,pepperoni sausage
Uncle Wynn's Bread Machine Rye,wheat
Garden Herb Loaf,milk
Apricot Walnut Loaf,orange zest
Panettone I,salt
Potato Rosemary Rolls,bread flour
Italian Bread II,water
New York Rye Bread,wheat
Sweet Honey French Bread,honey
Pineapple Tangerine Bread,baking powder
Downeast Maine Pumpkin Bread,salt
Pineapple Zucchini Bread,ground cinnamon
Walnut Raisin Scones,walnut
Pumpkin Nut Muffins,buttermilk
Orange Muffins,melt butter
Yogurt Cornbread,onion powder
Bagels I,salt
Whole Wheat Banana Strawberry Loaf,ground cinnamon
Cheddar Muffins,cheddar cheese
Burger or Hot Dog Buns,egg
Carolyn's Orange Rolls,flour
Orange Juice Muffins with Honey Spread,margarine
Seminole Pumpkin Bread,sugar
Poppy Seed Bread III,oil
Pumpkin Bread III,oil
Whole Wheat Zucchini Herb Bread,sesame seed
Chinky's Bibingka,lemon zest
Chinky's Mango Bread,mango
Baked Pumpkin Bread,buttermilk
Blueberry Muffins II,salt
Eggnog Quick Bread,baking powder
Strawberry Nut Bread,oil
Mocha Cream Bread,dry yeast
Pina Colada Bread,salt
Date Nut Bread,salt
Blueberry Monkey Bread,ground cinnamon
Streusel Topped Blueberry Muffins,egg
Amish Friendship Bread I,baking soda
Chocolate Chip Almond Bread,blanch sliver almond
Hot Onion Pinwheels,egg
Pumpkin Bread IV,salt
"Basil, Roasted Peppers and Monterey Jack Cornbread",buttermilk
Sweet Potato Bread I,water
Orange Buns,orange zest
Dee's Health Bread,lemon juice
Oatmeal Bread I,bread flour
Strawberry Bread I,package strawberry
Sun Dried Tomato and Asiago Cheese Bread,tomato
Hawaiian Sweet Bread,lemon extract
Dilly Bread,salt
Pumpkin Bread I,egg
Sy's Challah,seed
Italian Bread I,cheddar cheese
Sunday Dinner Rolls,flour
Banana Wheat Bread,vanilla extract
Candied Fruit Bread,candy lemon peel
Nut and Fruit Bread,milk
Mother's Banana Bread,walnut
Pumpernickel Bread I,cocoa powder
Sun Dried Tomato Focaccia,oil
Potato Bread I,dry yeast
Delicious Pumpkin Bread,oil
Mom's Zucchini Bread,vanilla extract
Cinnamon Cranraisin Bread,salt
Molasses-Oat Bran Bread,oat bran
Fabulous Homemade Bread,brown sugar
Persimmon Bread I,baking soda
Cinnamon Carrot Bread,salt
Alienated Blueberry Muffins,vanilla extract
Yummy Lemon Bread,lemon juice
Nick's Favorite Cherry Pecan Bread,jar maraschino cherry
Swedish Rye Bread I,rye flour
Bran Muffins I,baking soda
Zucchini Walnut Bread,baking powder
Apricot Nut Bread,walnut
Babka I,vanilla extract
Brazilian Banana Bread,sugar
Banana Oat Muffins,oil
Canadian Doughnuts,wheat flour
Cardamom Bread,dry yeast
Three C Bread,salt
Grandma Cornish's Whole Wheat Potato Bread,warm water
Strawberry Rhubarb Muffins,honey
Poppy Seed Bread I,milk
Zucchini Bread,baking powder
Honey Wheat Bread I,wheat flour
Mom's Hazelnut Special,sugar
Maple Zucchini Bread,salt
Chocolate Chip Orange Zucchini Bread,flour
Chocolate Chip Pumpkin Bread,baking soda
Chocolate Wave Zucchini Bread,salt
Tomato Bread I,carrot
Zucchini Bread II,baking soda
Mall Pretzels,butter
Soft Pretzels I,kosher salt
Cottage Dill Bread,salt
Parmesan Focaccia Bread,oil
Coconut Bread I,milk
Ciabatta,warm water
Lower Fat Banana Nut Bread,vanilla extract
Orange Nut Bread,baking powder
Poppy Seed Bread II,vanilla extract
Oatmeal Chocolate Chip Muffins,baking powder
Lower Fat Banana Bread I,baking powder
Sourdough Bread II,sourdough starter
Parmesan Herb Bread,grate cheese
Pecan Sticky Buns,salt
Special Pumpkin Bread,salt
4H Banana Bread,mash banana
Oatmeal Blueberry Muffins,blueberry
Basic Sweet Dough,melt shorten
Lemon Bread,walnut
Pumpkin Coconut Bread,ground clove
Hazelnut Chocolate Chip Scones,almond extract
Simple Whole Wheat Bread,butter
Rye Beer Bread,caraway seed
Banana Nut Bread I,vanilla extract
Cinnamon Raisin Bread I,flour
Homemade Focaccia Bread,dry rosemary
Whole Wheat Bread I,salt
Crazay  Bagels,oil
Italian Herb Bread I,onion powder
Cottage Cheese Bread I,dry yeast
Nana's Nut Bread,walnut
Zucchini Bread III,baking soda
Cinnamon Rolls I,butter
Pumpkin Bread II,ground
Cranberry Pumpkin Bread,cranberry
Basic Rye Bread,caraway seed
Oat-N-Honey Bread,salt
Mexican Style Cornbread,flour
Olive Bread,sesame seed
Donna's Chocolate Zucchini Bread,baking powder
Calzone,mozzarella cheese
Uncle Wynn's Bread Machine Rye,dry yeast
Garden Herb Loaf,water
Apricot Walnut Loaf,ground cardamom
Panettone I,flour
Potato Rosemary Rolls,bread machine yeast
Italian Bread II,sesame seed
New York Rye Bread,dry milk powder
Pineapple Tangerine Bread,salt
Downeast Maine Pumpkin Bread,ground cinnamon
Pineapple Zucchini Bread,salt
Walnut Raisin Scones,raisin
Pumpkin Nut Muffins,butter
Orange Muffins,egg
Yogurt Cornbread,salt
Cheddar Muffins,raisin
Carolyn's Orange Rolls,butter
Orange Juice Muffins with Honey Spread,honey
Poppy Seed Bread III,seed
Pumpkin Bread III,water
Whole Wheat Zucchini Herb Bread,salt
Chinky's Bibingka,mozzarella cheese
Chinky's Mango Bread,lemon juice
Baked Pumpkin Bread,egg
Blueberry Muffins II,sugar
Eggnog Quick Bread,salt
Strawberry Nut Bread,walnut
Mocha Cream Bread,semisweet chocolate chip
Pina Colada Bread,dry yeast
Date Nut Bread,flour
Blueberry Monkey Bread,blueberry
Streusel Topped Blueberry Muffins,vanilla extract
Amish Friendship Bread I,baking powder
Chocolate Chip Almond Bread,cocoa powder
Hot Onion Pinwheels,onion
Pumpkin Bread IV,ground cinnamon
"Basil, Roasted Peppers and Monterey Jack Cornbread",egg
Sweet Potato Bread I,mash sweet potato
Orange Buns,salt
Dee's Health Bread,wheat flour
Oatmeal Bread I,egg
Sun Dried Tomato and Asiago Cheese Bread,grate cheese
Hawaiian Sweet Bread,egg
Dilly Bread,baking soda
Pumpkin Bread I,pumpkin puree
Italian Bread I,onion
Candied Fruit Bread,blanch almond
Nut and Fruit Bread,butter
Sun Dried Tomato Focaccia,cheese
Delicious Pumpkin Bread,egg
Mom's Zucchini Bread,grate zucchini
Cinnamon Cranraisin Bread,dry yeast
Fabulous Homemade Bread,oil
Persimmon Bread I,raisin
Cinnamon Carrot Bread,grate carrot
Alienated Blueberry Muffins,milk
Yummy Lemon Bread,confectioner sugar
Bran Muffins I,salt
Zucchini Walnut Bread,grate zucchini
Babka I,orange liqueur
Brazilian Banana Bread,ground cinnamon
Banana Oat Muffins,vanilla extract
Canadian Doughnuts,lemon juice
Three C Bread,grate carrot
Grandma Cornish's Whole Wheat Potato Bread,sugar
Strawberry Rhubarb Muffins,oil
Zucchini Bread,cream
Honey Wheat Bread I,bread flour
Mom's Hazelnut Special,oil
Maple Zucchini Bread,baking powder
Chocolate Chip Orange Zucchini Bread,baking powder
Chocolate Chip Pumpkin Bread,salt
Chocolate Wave Zucchini Bread,baking powder
Tomato Bread I,salt
Zucchini Bread II,salt
Mall Pretzels,coarse kosher salt
Cottage Dill Bread,dry yeast
Parmesan Focaccia Bread,grate cheese
Ciabatta,oil
Lower Fat Banana Nut Bread,salt
Orange Nut Bread,baking soda
Poppy Seed Bread II,lemon extract
Oatmeal Chocolate Chip Muffins,salt
Sourdough Bread II,sugar
Pecan Sticky Buns,butter
Special Pumpkin Bread,ground cinnamon
4H Banana Bread,walnut
Lemon Bread,sugar
Pumpkin Coconut Bread,ground cinnamon
Hazelnut Chocolate Chip Scones,semisweet chocolate chip
Rye Beer Bread,cornmeal
Banana Nut Bread I,walnut
Cinnamon Raisin Bread I,milk
Crazay  Bagels,warm water
Italian Herb Bread I,grate romano cheese
Zucchini Bread III,salt
Cinnamon Rolls I,vanilla ice cream
Sweet Potato Pecan Waffles,egg
Pumpkin Bread II,ground cinnamon
Cranberry Pumpkin Bread,pumpkin puree
Basic Rye Bread,bread machine yeast
Oat-N-Honey Bread,dry yeast
Mexican Style Cornbread,baking powder
Donna's Chocolate Zucchini Bread,baking soda
Calzone,butter
Uncle Wynn's Bread Machine Rye,salt
Garden Herb Loaf,butter
Apricot Walnut Loaf,dry milk powder
Panettone I,dry currant
Potato Rosemary Rolls,cornmeal
Italian Bread II,cornmeal
New York Rye Bread,dry yeast
Pineapple Tangerine Bread,baking soda
Downeast Maine Pumpkin Bread,ground
Pineapple Zucchini Bread,ground allspice
Walnut Raisin Scones,buttermilk
Pumpkin Nut Muffins,molasses
Orange Muffins,ground walnut
Yogurt Cornbread,dry yeast
Carolyn's Orange Rolls,sugar
Poppy Seed Bread III,butter flavor extract
Pumpkin Bread III,pumpkin
Whole Wheat Zucchini Herb Bread,dry yeast
Chinky's Bibingka,coconut milk
Chinky's Mango Bread,raisin
Baked Pumpkin Bread,butter
Eggnog Quick Bread,ground
Date Nut Bread,vanilla extract
Streusel Topped Blueberry Muffins,lemon zest
Amish Friendship Bread I,vanilla extract
Chocolate Chip Almond Bread,almond extract
Hot Onion Pinwheels,butter
Pumpkin Bread IV,ground
"Basil, Roasted Peppers and Monterey Jack Cornbread",cheese
Dee's Health Bread,flax seed
Sun Dried Tomato and Asiago Cheese Bread,dry basil
Hawaiian Sweet Bread,margarine
Dilly Bread,egg
Pumpkin Bread I,water
Italian Bread I,egg
Sun Dried Tomato Focaccia,dry rosemary
Delicious Pumpkin Bread,walnut
Mom's Zucchini Bread,walnut
Cinnamon Cranraisin Bread,dry cranberry
Fabulous Homemade Bread,bread flour
Zucchini Walnut Bread,raisin
Babka I,grate orange zest
Banana Oat Muffins,mash banana
Canadian Doughnuts,sugar
Three C Bread,package flake coconut
Grandma Cornish's Whole Wheat Potato Bread,wheat flour
Strawberry Rhubarb Muffins,egg
Honey Wheat Bread I,butter
Mom's Hazelnut Special,salt
Maple Zucchini Bread,grate zucchini
Chocolate Chip Orange Zucchini Bread,baking soda
Chocolate Chip Pumpkin Bread,semisweet chocolate chip
Chocolate Wave Zucchini Bread,pumpkin pie spice
Tomato Bread I,bread flour
Zucchini Bread II,raisin
Ciabatta,bread flour
Lower Fat Banana Nut Bread,brown sugar
Orange Nut Bread,sugar
Poppy Seed Bread II,butter flavor extract
Sourdough Bread II,salt
Pecan Sticky Buns,sugar
Special Pumpkin Bread,walnut
Lemon Bread,lemon
Pumpkin Coconut Bread,ground allspice
Hazelnut Chocolate Chip Scones,hazelnut
Cinnamon Raisin Bread I,sugar
Crazay  Bagels,chocolate
Italian Herb Bread I,bread flour
Zucchini Bread III,ground cinnamon
Cinnamon Rolls I,brown sugar
Sweet Potato Pecan Waffles,butter
Pumpkin Bread II,walnut
Cranberry Pumpkin Bread,oil
Mexican Style Cornbread,baking soda
Donna's Chocolate Zucchini Bread,almond
Garden Herb Loaf,egg
Apricot Walnut Loaf,dry yeast
Panettone I,raisin
Potato Rosemary Rolls,egg
Downeast Maine Pumpkin Bread,ground clove
Pineapple Zucchini Bread,walnut
Walnut Raisin Scones,buttermilk
Pumpkin Nut Muffins,vanilla extract
Orange Muffins,melt butter
Carolyn's Orange Rolls,grate orange zest
Poppy Seed Bread III,almond extract
Pumpkin Bread III,egg
Chinky's Bibingka,condense milk
Streusel Topped Blueberry Muffins,milk
Chocolate Chip Almond Bread,butter
Hot Onion Pinwheels,crush pepper
Pumpkin Bread IV,ground clove
"Basil, Roasted Peppers and Monterey Jack Cornbread",corn kernel
Dee's Health Bread,crack wheat
Sun Dried Tomato and Asiago Cheese Bread,ground pepper
Dilly Bread,flour
Pumpkin Bread I,walnut
Italian Bread I,buttermilk
Candied Fruit Bread,milk
Sun Dried Tomato Focaccia,garlic salt
Cinnamon Carrot Bread,vanilla extract
Zucchini Walnut Bread,vanilla extract
Babka I,grate lemon zest
Canadian Doughnuts,ground cinnamon
Three C Bread,maraschino cherry
Strawberry Rhubarb Muffins,strawberry
Maple Zucchini Bread,walnut
Chocolate Chip Orange Zucchini Bread,salt
Chocolate Chip Pumpkin Bread,walnut
Chocolate Wave Zucchini Bread,walnut
Zucchini Bread II,walnut
Ciabatta,salt
Lower Fat Banana Nut Bread,flour
Orange Nut Bread,walnut
Poppy Seed Bread II,orange juice
Sourdough Bread II,baking soda
Pecan Sticky Buns,ground cinnamon
Pumpkin Coconut Bread,ground
Cinnamon Raisin Bread I,ground cinnamon
Crazay  Bagels,raspberry
Zucchini Bread III,raisin
Cinnamon Rolls I,butter
Pumpkin Bread II,baking powder
Cranberry Pumpkin Bread,orange zest
Mexican Style Cornbread,salt
Donna's Chocolate Zucchini Bread,grate zucchini
Garden Herb Loaf,butter
Apricot Walnut Loaf,walnut
Panettone I,confectioner sugar
Potato Rosemary Rolls,kosher salt
Downeast Maine Pumpkin Bread,ground ginger
Pineapple Zucchini Bread,confectioner sugar
Walnut Raisin Scones,sugar
Pumpkin Nut Muffins,sugar
Orange Muffins,brown sugar
Poppy Seed Bread III,orange juice
Chinky's Bibingka,flour
Streusel Topped Blueberry Muffins,flour
Chocolate Chip Almond Bread,confectioner sugar
"Basil, Roasted Peppers and Monterey Jack Cornbread",pepper
Dee's Health Bread,seed
Sun Dried Tomato and Asiago Cheese Bread,dry yeast
Dilly Bread,margarine
Italian Bread I,oil
Candied Fruit Bread,egg
Sun Dried Tomato Focaccia,mozzarella cheese
Babka I,flour
Three C Bread,raisin
Chocolate Chip Orange Zucchini Bread,ground cinnamon
Chocolate Wave Zucchini Bread,cocoa powder
Poppy Seed Bread II,confectioner sugar
Sourdough Bread II,bread flour
Pumpkin Coconut Bread,water
Cinnamon Raisin Bread I,butter
Zucchini Bread III,walnut
Cinnamon Rolls I,ground cinnamon
Cranberry Pumpkin Bread,walnut
Apricot Walnut Loaf,dry apricot
Panettone I,butter
Pineapple Zucchini Bread,corn syrup
Walnut Raisin Scones,walnut
Pumpkin Nut Muffins,pumpkin
Orange Muffins,ground cinnamon
Poppy Seed Bread III,sugar
Chinky's Bibingka,mozzarella cheese
Streusel Topped Blueberry Muffins,sugar
Chocolate Chip Almond Bread,grate orange zest
